{
  "project_info": {
    "project_number": "344764254897",
    "project_id": "beauty-and-cosmetics-a6d11",
    "storage_bucket": "beauty-and-cosmetics-a6d11.appspot.com"
  },
  "client": [
    {
      "client_info": {
        "mobilesdk_app_id": "1:344764254897:android:7be7739d18ba5e5c98f090",
        "android_client_info": {
          "package_name": "com.example.beautyandcosmetics"
        }
      },
      "oauth_client": [],
      "api_key": [
        {
          "current_key": "AIzaSyAuo3thgZeasvBeToCKok3Q6edQfeVvxt4"
        }
      ],
      "services": {
        "appinvite_service": {
          "other_platform_oauth_client": []
        }
      }
    }
  ],
  "configuration_version": "1"
}