{
  "project_info": {
    "project_number": "661089256168",
    "project_id": "examen-42fe6",
    "storage_bucket": "examen-42fe6.appspot.com"
  },
  "client": [
    {
      "client_info": {
        "mobilesdk_app_id": "1:661089256168:android:fde47c08354024a1a57f5d",
        "android_client_info": {
          "package_name": "com.example.examen"
        }
      },
      "oauth_client": [],
      "api_key": [
        {
          "current_key": "AIzaSyBtGcLzslTkhphw6Je_8vosNjdj-p3UtpY"
        }
      ],
      "services": {
        "appinvite_service": {
          "other_platform_oauth_client": []
        }
      }
    }
  ],
  "configuration_version": "1"
}